AddressLabel,FireMenu
1303 - DC Ranch,Refire All Day Menu__DC RANCH.pdf
1507 - Woodland Hills,Refire All Day Menu__WOODLAND HILLS.pdf
2003 - Sarasota Siesta,Refire All Day Menu__SARASOTA SIESTA.pdf
2005 - Coral Gables,Refire All Day Menu__CORAL GABLES.pdf
2008 - Brickell,Refire All Day Menu__BRICKELL.pdf
2009 - Ft Lauderdale FL,Refire All Day Menu_FINAL VERSIONS_R3_FT LAUDERDALE.pdf
2101 - Atlanta,Refire All Day Menu__ATLANTA.pdf
2901 - Baton Rouge,Refire All Day Menu_FINAL VERSIONS_R4_BATON ROUGE.pdf
3302 - Birmingham MI,Refire All Day Menu_FINAL VERSIONS_R3_TYSONS CORNER-BIRMINGHAM MI.pdf
4402 - Raleigh,Refire All Day Menu__RALEIGH.pdf
5301 - Nashville,Refire All Day Menu__NASHVILLE.pdf
5407 - Houston Town & Country,Refire All Day Menu__HOUSTON T&C.pdf
5701 - Tysons Corner,Refire All Day Menu_FINAL VERSIONS_R3_TYSONS CORNER-BIRMINGHAM MI.pdf
